week,week_start,variant,sessions,orders,conv_rate
0,2012-09-10,/billing,60,31,0.5167
0,2012-09-10,/billing-2,64,41,0.6406
1,2012-09-17,/billing,70,35,0.5
1,2012-09-17,/billing-2,78,44,0.5641
2,2012-09-24,/billing,73,36,0.4932
2,2012-09-24,/billing-2,60,34,0.5667
3,2012-10-01,/billing,62,23,0.371
3,2012-10-01,/billing-2,58,40,0.6897
4,2012-10-08,/billing,63,31,0.4921
4,2012-10-08,/billing-2,78,45,0.5769
5,2012-10-15,/billing,85,40,0.4706
5,2012-10-15,/billing-2,82,56,0.6829
6,2012-10-22,/billing,84,39,0.4643
6,2012-10-22,/billing-2,88,53,0.6023
7,2012-10-29,/billing,89,36,0.4045
7,2012-10-29,/billing-2,76,50,0.6579
8,2012-11-05,/billing,81,35,0.4321
8,2012-11-05,/billing-2,84,52,0.619
9,2012-11-12,/billing,100,45,0.45
9,2012-11-12,/billing-2,91,58,0.6374
10,2012-11-19,/billing,216,94,0.4352
10,2012-11-19,/billing-2,215,127,0.5907
11,2012-11-26,/billing,175,75,0.4286
11,2012-11-26,/billing-2,180,108,0.6
12,2012-12-03,/billing,134,63,0.4701
12,2012-12-03,/billing-2,118,81,0.6864
13,2012-12-10,/billing,123,52,0.4228
13,2012-12-10,/billing-2,111,71,0.6396
14,2012-12-17,/billing,116,51,0.4397
14,2012-12-17,/billing-2,137,81,0.5912
15,2012-12-24,/billing,67,30,0.4478
15,2012-12-24,/billing-2,72,47,0.6528
16,2012-12-31,/billing,65,34,0.5231
16,2012-12-31,/billing-2,65,41,0.6308
